X.IncMSE,IncNodePurity
pubyear,26.8195274127136,5.12908742581477
EPA_USDA_conserv,6.74864753962574,0.858433115714246
last_author_english,3.85022282895463,0.451443954924143
impactfactor,2.2775919035094,2.4782507017209
yiabs,2.23194036892183,2.46461837166069
trophic_invader,0.382402295146465,1.63268360186806
fund_NSF,0.0694067149716325,0.36539364674023
citationsyr,-0.255480559521537,2.46928919345615
FWS_NOAA,-0.320487666924119,0.796085514471883
habitat_type,-0.401464155634857,0.710304260328493
study_type,-2.71884232590235,0.529720857127186
journal_category,-3.75066126197566,1.05164153212441
sentiment,-6.78752351339274,2.50836873984506
X.IncMSE,IncNodePurity
pubyear,25.0572100312173,5.0664653836986
EPA_USDA_conserv,5.95308798130511,0.866000102561055
yiabs,3.75048808730735,2.4672025041116
last_author_english,1.43535435803444,0.461975487513408
citationsyr,0.674313621838921,2.53235809315598
trophic_invader,-0.716771655117882,1.57430758688055
fund_NSF,-0.906098715977121,0.357891515946689
FWS_NOAA,-1.03429566717811,0.858746835045281
impactfactor,-1.05350842033843,2.57161493145464
habitat_type,-1.10510272199919,0.6543106008841
study_type,-1.4834595026568,0.55898030191695
journal_category,-2.53320130548619,1.04199314264104
sentiment,-5.80715110172333,2.37233354938319
X.IncMSE,IncNodePurity
pubyear,27.9822720339775,5.18325527063391
EPA_USDA_conserv,6.31800155364548,0.769034932054634
last_author_english,4.4523764469704,0.453728961924876
yiabs,3.285705323048,2.49430260496176
impactfactor,0.919019980467356,2.59017153411937
habitat_type,0.721942873607279,0.709917227119969
fund_NSF,0.419654397980599,0.386734153176697
citationsyr,0.273048925843182,2.51136213815874
trophic_invader,-0.200549188715851,1.56255961795718
FWS_NOAA,-1.37371538271823,0.832275476852167
study_type,-2.08553817906027,0.513205815327575
journal_category,-2.65513731183427,1.03598908943362
sentiment,-7.70653005435458,2.4317249586993
X.IncMSE,IncNodePurity
pubyear,26.5816294560603,5.1176953016549
EPA_USDA_conserv,6.86535234269782,0.807225994052079
last_author_english,2.61201182362479,0.45679954648075
yiabs,1.38907094859547,2.47830304443197
fund_NSF,1.04886307590687,0.372516191906284
habitat_type,0.651096318410211,0.67924536825743
citationsyr,0.340209858438332,2.59752760235222
impactfactor,0.201144608008611,2.65244639134372
trophic_invader,-0.552411601554865,1.6180769983988
journal_category,-1.33446371376253,1.0104126977198
FWS_NOAA,-2.34139128132011,0.841215978450237
study_type,-3.46506967643308,0.49352804463637
sentiment,-6.99675385241217,2.49037455409326
X.IncMSE,IncNodePurity
pubyear,26.3238056005775,5.14078252109314
EPA_USDA_conserv,6.14510581516616,0.78139645880707
last_author_english,3.20965041624464,0.465274150340781
impactfactor,2.53225653035945,2.49638275482014
yiabs,1.4693462765474,2.55011365859558
trophic_invader,0.48516898607277,1.56639908212016
citationsyr,0.376847705742355,2.53331121886605
habitat_type,0.231858227029852,0.682822087333389
fund_NSF,0.105794145538828,0.355499359799836
study_type,-0.565110349247436,0.517280722059132
FWS_NOAA,-1.03245273258748,0.821072333281515
journal_category,-1.58444118169043,1.02988021859663
sentiment,-6.07617379175672,2.57186236765231
X.IncMSE,IncNodePurity
pubyear,26.5389445099405,5.11545072678567
EPA_USDA_conserv,7.24228210824246,0.808274288186462
last_author_english,3.21141095577742,0.47581672408644
yiabs,3.10644601401685,2.52981557887953
impactfactor,0.246075724717506,2.41460972218601
fund_NSF,-0.658252586755366,0.383489965375554
trophic_invader,-1.0243688658457,1.68808697058291
habitat_type,-1.90382414309545,0.70393350009355
journal_category,-2.43407564082012,1.0653730324401
citationsyr,-2.49960864199419,2.50249316294609
study_type,-2.85546070317858,0.561046393433455
FWS_NOAA,-2.98972687378996,0.83900582301395
sentiment,-5.90567044502896,2.45528471267121
X.IncMSE,IncNodePurity
pubyear,25.2947448224304,5.17476487878636
EPA_USDA_conserv,6.81868407193191,0.818169638134959
yiabs,2.70688535375154,2.54572558256866
last_author_english,2.50916867441989,0.470636889305438
fund_NSF,0.259445378318672,0.385061732781334
trophic_invader,0.0746290525915228,1.5528468802516
impactfactor,-0.186298412181998,2.63168446602352
citationsyr,-0.2342801683558,2.49623742252164
habitat_type,-0.45087030257434,0.682816139166362
FWS_NOAA,-0.513863052592403,0.823911641543778
study_type,-1.10485647613687,0.479484892714764
journal_category,-1.15197973446606,1.01957775766787
sentiment,-6.39382562125255,2.44612461438086
X.IncMSE,IncNodePurity
pubyear,25.8406904429465,5.02128814471689
EPA_USDA_conserv,7.63605425493659,0.829007742655244
last_author_english,3.37173755842413,0.475977330880126
yiabs,3.09675584055088,2.43579216607623
fund_NSF,1.08173183812403,0.356381286593817
impactfactor,0.0873278971547189,2.61457911215743
habitat_type,-0.185228953194687,0.689690495509811
study_type,-0.284306256814998,0.520481083117386
trophic_invader,-0.925428089105273,1.60743917487757
citationsyr,-1.04731486041073,2.54574996863893
FWS_NOAA,-1.13327748510762,0.805216649112913
journal_category,-2.65827791378459,0.932096273084152
sentiment,-6.52166353878775,2.49911349289902
X.IncMSE,IncNodePurity
pubyear,25.0247418545654,4.9896363784088
EPA_USDA_conserv,6.39356403605776,0.806933443485684
last_author_english,4.65917194660575,0.424893208959265
yiabs,0.816236278254676,2.51917400777287
trophic_invader,0.143076619843832,1.56900563913277
habitat_type,-0.133186594964822,0.739522307703524
study_type,-0.351976296276909,0.498261977869253
impactfactor,-1.04674822342206,2.61079162361736
citationsyr,-1.26349333848932,2.57821680345384
fund_NSF,-1.42729059806931,0.442120947278242
FWS_NOAA,-2.25646535958463,0.80387121527535
journal_category,-4.06394719005962,0.957134222727583
sentiment,-6.83529900158417,2.58088434325182
X.IncMSE,IncNodePurity
pubyear,25.7585690847912,5.14218617580948
EPA_USDA_conserv,6.11951775021707,0.769526858161484
yiabs,3.6667617622145,2.45945311217406
last_author_english,3.07981504645504,0.469900512665001
impactfactor,1.80370447100625,2.50615117108921
habitat_type,0.280225114827593,0.695014426957664
fund_NSF,-0.0467149470040565,0.406853363324279
citationsyr,-0.230964223311887,2.5048885873001
trophic_invader,-1.07115371144715,1.62513681589465
FWS_NOAA,-1.59690981662482,0.837957997617913
study_type,-2.70329562743693,0.507388397597026
journal_category,-4.71574773639994,1.00748772034037
sentiment,-5.70741344175681,2.4621815376563
X.IncMSE,IncNodePurity
pubyear,25.6674278435675,5.24806413270842
EPA_USDA_conserv,6.78814342213703,0.79414961277978
last_author_english,4.06820827190569,0.46908467223833
yiabs,2.76198630284109,2.45189854065988
study_type,1.23003985074585,0.510213617317858
impactfactor,-0.0260640905076265,2.48373412934459
fund_NSF,-0.173066803263695,0.376223467812404
citationsyr,-0.235126318075773,2.44992302109763
FWS_NOAA,-0.477325768557871,0.832212046188126
habitat_type,-0.517717800794735,0.65763412875024
trophic_invader,-1.50044583637159,1.6622800093407
journal_category,-3.03691239503997,1.0446700820338
sentiment,-7.15584687123415,2.55523749055628
X.IncMSE,IncNodePurity
pubyear,25.9480238909146,4.93409485477065
EPA_USDA_conserv,5.65442268424845,0.800764009059571
last_author_english,3.52777184933967,0.408965812384644
yiabs,0.980323777232893,2.43601386799217
citationsyr,-0.364670687422204,2.5325924470613
habitat_type,-0.859467670295741,0.682270191263504
FWS_NOAA,-1.18885192235375,0.839834030223901
fund_NSF,-1.1921335742572,0.404310853383425
impactfactor,-1.3278265639948,2.55818753666953
trophic_invader,-2.23259550390722,1.62373869690476
study_type,-2.56738009068335,0.523418027264496
journal_category,-3.36927730723626,1.02916099695831
sentiment,-6.41078802652476,2.37514890666893
X.IncMSE,IncNodePurity
pubyear,26.1964980876529,5.13963917381714
EPA_USDA_conserv,7.40469970937984,0.829734800727485
last_author_english,3.06884428895081,0.473581696441464
impactfactor,1.49955908487329,2.58697747000676
yiabs,1.0087391651922,2.57934700847759
trophic_invader,0.766627573432332,1.58319730957214
habitat_type,0.368646628731972,0.654431858968199
citationsyr,-1.0208181712541,2.44221630767975
fund_NSF,-1.08117418920455,0.371441145092584
FWS_NOAA,-1.74516952638221,0.768866614596483
study_type,-2.11509260850349,0.516200834613954
journal_category,-2.91048518670318,1.07820667911387
sentiment,-7.24285959144249,2.46812615767939
X.IncMSE,IncNodePurity
pubyear,25.8639349323563,4.92689564709186
EPA_USDA_conserv,7.10749645513238,0.75154310690435
last_author_english,1.93086046404702,0.481339106684974
yiabs,1.55659183516258,2.58376975222153
habitat_type,0.697206731921162,0.688615232500771
fund_NSF,0.426450219470154,0.394215600069549
impactfactor,-0.0141934189550771,2.59206072347696
trophic_invader,-0.0255057400128323,1.56567317308643
citationsyr,-0.512445853090022,2.56381621323181
FWS_NOAA,-0.981370045526802,0.811552123770015
journal_category,-2.81904066199716,1.05400093773661
study_type,-2.99478036798528,0.528239078778647
sentiment,-5.76882439328595,2.40503374154179
X.IncMSE,IncNodePurity
pubyear,28.8564335416994,5.04408928916745
EPA_USDA_conserv,7.26715031079172,0.854713143613841
last_author_english,3.48481039011055,0.45211049793269
yiabs,2.67891905509949,2.6359241391939
trophic_invader,1.06225914788779,1.55064206304383
fund_NSF,0.426681692260181,0.394574817032128
impactfactor,0.0634923301441028,2.6071858878155
citationsyr,-0.832104579383599,2.50561429364549
study_type,-1.19383975063902,0.50517098898015
FWS_NOAA,-1.31494364053878,0.753623225743092
journal_category,-2.16416987207157,1.05745251675758
habitat_type,-2.95208100177817,0.660488034249093
sentiment,-5.29952612540477,2.4992351825358
X.IncMSE,IncNodePurity
pubyear,27.2002201579999,5.05962273455371
EPA_USDA_conserv,6.84103330767971,0.80814965520611
last_author_english,3.63246987565011,0.415441253320532
yiabs,2.76946048935973,2.53395451110378
habitat_type,0.978658311725926,0.655386590574119
fund_NSF,0.800550073197643,0.406645703039224
citationsyr,0.061978843706372,2.32803107237156
trophic_invader,-0.543090929196747,1.59084020111778
FWS_NOAA,-0.621405711001195,0.829739359289566
journal_category,-0.825662775579449,1.12493153368494
impactfactor,-1.45205475114074,2.50483251039249
study_type,-2.05255154517137,0.49837372094334
sentiment,-6.2368506627295,2.59971423950486
X.IncMSE,IncNodePurity
pubyear,26.5971819958797,5.11706953818672
EPA_USDA_conserv,5.87555976504457,0.769020863506758
last_author_english,4.36561687942249,0.419070267677064
yiabs,2.57275770788231,2.4205967878916
impactfactor,0.969092599103641,2.52652923392454
fund_NSF,0.0134009731145302,0.362035467962731
citationsyr,-1.15055083678045,2.5795109302242
study_type,-1.15214977028875,0.50430130441808
FWS_NOAA,-1.2629366856651,0.855744313709077
trophic_invader,-1.39551885595564,1.56977656259533
habitat_type,-2.0145880173493,0.685060793083198
journal_category,-3.40438528306624,1.03001943653197
sentiment,-5.70607847783359,2.57378789672024
X.IncMSE,IncNodePurity
pubyear,26.2987439718818,5.02474380162414
EPA_USDA_conserv,6.58589444387311,0.79091007432134
yiabs,3.09512402969159,2.62347875264622
last_author_english,2.52316949000311,0.438806409285437
habitat_type,-0.169591832815738,0.733322311842181
trophic_invader,-0.357139990445423,1.55162369975703
impactfactor,-1.04676329219542,2.57276004603702
FWS_NOAA,-1.73499045235088,0.794683498573852
fund_NSF,-1.80365110020093,0.41191582491808
citationsyr,-2.05040054942562,2.6282799398348
study_type,-2.81510370952446,0.49706003706961
journal_category,-2.93548412885973,1.02924312471362
sentiment,-6.61198344259744,2.37578436144307
X.IncMSE,IncNodePurity
pubyear,26.168573894832,5.10192977575097
EPA_USDA_conserv,4.21952726455015,0.849022570783082
last_author_english,3.59461314677347,0.433904087036786
yiabs,3.06824650419973,2.27495150584621
impactfactor,0.869910920416503,2.49470062361825
citationsyr,-0.102055978419518,2.48616306415563
fund_NSF,-0.154157435147742,0.405204365864082
trophic_invader,-0.413393921988768,1.63003579564119
habitat_type,-1.0656016926364,0.656322283974675
FWS_NOAA,-2.0038861630535,0.82480300776911
study_type,-2.34350942886645,0.524291467642261
journal_category,-3.15729421859994,0.999549077294215
sentiment,-7.4375183571623,2.6064363799156
X.IncMSE,IncNodePurity
pubyear,24.6120863981317,5.02768417283003
EPA_USDA_conserv,6.0605342443648,0.802867838012549
last_author_english,2.77401814027401,0.443216096049473
yiabs,2.54669704231668,2.61966171066671
citationsyr,0.744754815028473,2.58411209966732
impactfactor,0.128525951195551,2.54697660413351
fund_NSF,-0.194542755569487,0.345991333647023
habitat_type,-1.54830867285668,0.70351088084107
study_type,-1.94062121686487,0.524771856562838
journal_category,-1.95644396203106,0.997370393303241
trophic_invader,-2.15182020126256,1.57811203979382
FWS_NOAA,-2.38163990535385,0.857710058199143
sentiment,-5.55247175232148,2.55561457164431
X.IncMSE,IncNodePurity
pubyear,27.1614859943064,4.94237615935472
EPA_USDA_conserv,6.87964929806852,0.826071112597533
last_author_english,4.45745788911688,0.425397659638942
yiabs,0.702936883469363,2.54772239726509
impactfactor,0.498987327540921,2.72257119123972
fund_NSF,-0.532036385182366,0.438035509647883
study_type,-0.791423398875458,0.480378126338086
citationsyr,-0.8770409107616,2.59983430385097
trophic_invader,-1.36119010287202,1.58189661273653
habitat_type,-1.4948191013329,0.68464094031153
FWS_NOAA,-2.29401730177806,0.807986036325362
journal_category,-3.45600759274234,1.05809568237539
sentiment,-7.37800213908602,2.48748392511602
X.IncMSE,IncNodePurity
pubyear,26.303857256387,5.07938828130147
EPA_USDA_conserv,6.20151537330409,0.783119391389189
last_author_english,3.52430029054825,0.450422978308921
yiabs,0.893621381082096,2.51851667610407
impactfactor,0.0213981716274824,2.63899351934968
citationsyr,-0.347931038863755,2.6243667052793
fund_NSF,-0.507822974246303,0.41337802234177
habitat_type,-0.644075518597932,0.705756396654973
trophic_invader,-1.09546419920625,1.64056078880405
study_type,-1.68929002078703,0.555011196155285
journal_category,-2.03956469600117,0.990774462451926
FWS_NOAA,-2.21077545618896,0.836567117744607
sentiment,-5.59040969888362,2.54618901733346
X.IncMSE,IncNodePurity
pubyear,25.6489851656546,5.06580465209827
EPA_USDA_conserv,6.03058423872558,0.797197353436185
last_author_english,3.76444744269256,0.459232930698068
yiabs,1.2178843357448,2.50896934618754
fund_NSF,0.806055609938301,0.412465697783837
habitat_type,0.139155293335162,0.68880382749217
FWS_NOAA,-0.446380404229039,0.835588247090226
trophic_invader,-0.986229007909984,1.56314672164006
citationsyr,-1.12762886844923,2.54119323018529
impactfactor,-1.47157408374222,2.48920543881155
journal_category,-1.89290573290093,1.02184898466764
study_type,-1.95765350120668,0.503182734933733
sentiment,-7.13182484654661,2.43116882432616
X.IncMSE,IncNodePurity
pubyear,27.6513412714661,5.1487187852586
EPA_USDA_conserv,7.4346437497556,0.803093995618158
last_author_english,4.34024418317619,0.459973338158621
yiabs,3.38373786869046,2.51475472837669
trophic_invader,0.227939328503311,1.62990867188913
habitat_type,0.22174138339995,0.658156106156786
fund_NSF,0.096926158780777,0.345017206815331
study_type,-0.653722634748108,0.472110574679489
impactfactor,-0.951861010459839,2.62192137158572
citationsyr,-1.01495008372784,2.45868440608705
FWS_NOAA,-2.39538407533271,0.838919374345088
journal_category,-3.16517393925339,1.06342410160004
sentiment,-6.90341817772061,2.52410919133252
X.IncMSE,IncNodePurity
pubyear,26.7410746249363,4.96766631715912
EPA_USDA_conserv,7.15549975682542,0.801878407967133
last_author_english,4.06971457071456,0.381552743245614
yiabs,2.65250104714642,2.55339502003965
impactfactor,-0.0509901581337507,2.55798366532655
citationsyr,-0.284872157791781,2.60920950275853
habitat_type,-1.31868456341797,0.669203167567247
FWS_NOAA,-1.52070798327809,0.851942598458751
fund_NSF,-1.60766738592037,0.387685853708612
trophic_invader,-1.74237952794484,1.56798657014119
journal_category,-2.56749422550516,1.0005342057216
study_type,-2.57554799495288,0.492508188256869
sentiment,-6.5592080673489,2.48237465417052
X.IncMSE,IncNodePurity
pubyear,25.8821097225731,5.11622431210785
EPA_USDA_conserv,6.57669690583621,0.766978869666822
last_author_english,3.47898051826525,0.429290153573109
yiabs,3.410890759602,2.61253759457359
impactfactor,1.3254088289237,2.50494766900447
trophic_invader,0.689802972860424,1.53744406187046
citationsyr,-0.362824990588021,2.48133795292733
fund_NSF,-1.16033574594264,0.416043390812392
study_type,-1.5635980460822,0.487842410166937
journal_category,-1.85544826529685,0.950263222646293
habitat_type,-1.89792058985446,0.703156621832836
FWS_NOAA,-2.58912199672493,0.852704369652817
sentiment,-6.9078766235582,2.59072573397703
X.IncMSE,IncNodePurity
pubyear,25.8793149168363,5.0814812960274
EPA_USDA_conserv,6.00358435174057,0.789564163628637
last_author_english,4.05971545958736,0.431551333701106
yiabs,2.32154151855028,2.54139492618605
trophic_invader,1.30264789897187,1.56047764596652
citationsyr,-0.139690054798068,2.59042014532778
impactfactor,-0.543008021524559,2.53574752709205
fund_NSF,-0.596733350577752,0.451393554856052
habitat_type,-1.07491695365615,0.666696143135475
FWS_NOAA,-1.24469841566521,0.84225104537487
study_type,-1.79318237950089,0.527849566652286
journal_category,-3.91160837281257,1.01165185906268
sentiment,-7.18164065448172,2.54350121705168
X.IncMSE,IncNodePurity
pubyear,25.7997263224049,5.14080170029873
EPA_USDA_conserv,6.55061989637599,0.821927521048588
last_author_english,4.4402176719459,0.40657457325673
yiabs,2.91110566398407,2.54343136543387
fund_NSF,1.64278765194498,0.36289771374331
impactfactor,1.59381475063773,2.42818512349902
trophic_invader,0.650063003658287,1.5506983052097
habitat_type,0.644424516185269,0.651856140645949
citationsyr,0.218786646951793,2.59966913453419
FWS_NOAA,-1.02612683845532,0.810323413291661
study_type,-1.77735939649111,0.545278469185793
journal_category,-2.78473021478042,1.14036314722169
sentiment,-6.86294024639865,2.52975975579404
X.IncMSE,IncNodePurity
pubyear,25.2946126986148,5.06866590782161
EPA_USDA_conserv,5.9541815078576,0.840876338436302
last_author_english,3.04703864708217,0.477665116236294
fund_NSF,1.91176600608648,0.399410586357044
yiabs,1.49322695350888,2.61313152836724
impactfactor,0.803356395924694,2.44782743661119
habitat_type,0.350495516292599,0.708942395479131
trophic_invader,-0.231555521583405,1.55666064265483
citationsyr,-1.22733797937169,2.62438486155335
FWS_NOAA,-1.94896825885308,0.847237369518894
journal_category,-2.04525425769816,1.00068696371919
study_type,-3.29726484831306,0.519295641369465
sentiment,-5.64843417380109,2.42662096082025
X.IncMSE,IncNodePurity
pubyear,25.2006510949575,4.99378700008481
EPA_USDA_conserv,5.69466823544771,0.840313028284745
yiabs,2.28835631647105,2.39616837572736
last_author_english,1.9687991776081,0.4688045621826
fund_NSF,0.848679823703846,0.391194234552842
citationsyr,0.523043089241834,2.46221778095119
trophic_invader,-0.229339042083086,1.60536921716443
FWS_NOAA,-1.07133056270602,0.832892209519872
habitat_type,-1.41646412816268,0.648317680428898
study_type,-1.56417767888103,0.518875094777234
impactfactor,-1.90994808332494,2.46901143966198
journal_category,-3.11728974061067,0.985771123699317
sentiment,-7.5219843347295,2.54756283685523
X.IncMSE,IncNodePurity
pubyear,26.1033517774066,5.21580654883053
EPA_USDA_conserv,6.82254140807765,0.759235965388689
yiabs,3.1965039764934,2.57745449016259
last_author_english,2.73008417040695,0.415950856612222
fund_NSF,1.09455203148811,0.461569005427887
trophic_invader,1.01327197898712,1.63380449174181
habitat_type,0.786191051988076,0.65855404219409
citationsyr,-0.548691979145562,2.6369054225961
impactfactor,-0.718770063206763,2.46392460639481
study_type,-1.63603961958309,0.544690498733996
FWS_NOAA,-2.54306539222496,0.806841453365924
journal_category,-3.56370492114146,0.957625525305585
sentiment,-5.51749853221459,2.33265687587458
X.IncMSE,IncNodePurity
pubyear,26.6645756753249,5.00317554669026
EPA_USDA_conserv,4.85598006980128,0.852134556488926
yiabs,4.33201414878406,2.39008854362656
last_author_english,2.14470697775716,0.458831818001881
habitat_type,0.646900841319061,0.709958549452986
impactfactor,0.299588108575814,2.5427517291325
study_type,-0.396434158274494,0.535131968786232
citationsyr,-0.712538908031299,2.55097889598531
FWS_NOAA,-1.5199099586059,0.844059401390211
trophic_invader,-1.66873871892987,1.5749922213623
fund_NSF,-2.41706494026514,0.413347351114118
journal_category,-3.38493598384927,1.01729712128718
sentiment,-6.43240770135544,2.42302404772957
X.IncMSE,IncNodePurity
pubyear,24.0311237860136,4.94463500387106
EPA_USDA_conserv,5.65469372907295,0.843450821761585
last_author_english,2.68468494269188,0.427761109494544
fund_NSF,0.781843860886547,0.382140595415938
yiabs,0.726559660370707,2.5903348256528
citationsyr,0.142090617487274,2.44727341330864
habitat_type,-0.635125505980434,0.714737746352482
trophic_invader,-0.940950332400363,1.60522791635832
study_type,-1.87341082489971,0.514052587936528
FWS_NOAA,-2.01287796368337,0.868762336197068
impactfactor,-2.53328640105498,2.48232767005943
journal_category,-3.60110610407622,1.06059242255703
sentiment,-7.27753008293952,2.6359440075964
X.IncMSE,IncNodePurity
pubyear,25.448657176185,5.31408506076024
EPA_USDA_conserv,6.62225665296999,0.728812464255533
yiabs,4.01037850273238,2.36421885798048
last_author_english,2.4728627664513,0.420928380776063
fund_NSF,0.487936746479882,0.390661821664596
citationsyr,0.0211409852628448,2.57495433744245
FWS_NOAA,-0.300389355845128,0.786392101709022
impactfactor,-0.574442767195653,2.53664391063416
habitat_type,-1.01128640191971,0.720137370045662
trophic_invader,-1.39718631856589,1.58939688967894
study_type,-1.96331296593244,0.564208866726361
journal_category,-3.16147868429315,1.00140437424835
sentiment,-6.31632288732917,2.45413921636134
X.IncMSE,IncNodePurity
pubyear,27.1572459797573,5.26299963172218
EPA_USDA_conserv,5.14947077570165,0.809955699874952
last_author_english,3.43517702118285,0.467496266572454
yiabs,1.84580858993992,2.45438205836573
trophic_invader,-0.789469013298574,1.58697748913599
FWS_NOAA,-0.862950445638879,0.871453527510554
impactfactor,-1.08031411398785,2.4504637121563
fund_NSF,-1.27320743715179,0.386046652449349
study_type,-1.40541491902895,0.471409558950362
citationsyr,-1.65089058053124,2.5012067291721
habitat_type,-1.88756890653155,0.648773565771823
journal_category,-5.01024421383239,0.998341442918505
sentiment,-6.66490077864229,2.60149728708911
X.IncMSE,IncNodePurity
pubyear,25.3029958215074,4.95733650724285
EPA_USDA_conserv,5.82190821839054,0.787403416585523
last_author_english,2.28527368425796,0.408972201334077
yiabs,1.73981082827117,2.52576715768963
citationsyr,0.531049933519675,2.49450693086219
fund_NSF,-0.268209936250637,0.405170199843001
impactfactor,-0.41384453377906,2.47471562182425
study_type,-0.825727701137484,0.510377046331585
habitat_type,-1.92065703467356,0.680900798283459
FWS_NOAA,-1.97840983568134,0.883685593038449
journal_category,-2.8648047372431,1.05908829959477
trophic_invader,-2.87740306582376,1.600457786815
sentiment,-5.45413860701154,2.50324955238438
X.IncMSE,IncNodePurity
pubyear,25.2596269064772,5.21676371387722
EPA_USDA_conserv,7.14859436282053,0.768309412995235
last_author_english,3.35192918668417,0.470554804752177
yiabs,2.60126875033708,2.43846545911053
habitat_type,1.00985710011759,0.671138232728945
citationsyr,0.0840769912602835,2.54018991216038
impactfactor,-0.128601600375072,2.48501564260653
fund_NSF,-0.366707318767395,0.409275502829195
FWS_NOAA,-0.810153654067142,0.84668527551209
study_type,-0.941591101043397,0.559821300652696
trophic_invader,-1.63029127569552,1.56596317976983
journal_category,-2.68422941241969,1.04845677159652
sentiment,-5.23040851681598,2.50826121003141
X.IncMSE,IncNodePurity
pubyear,26.1712861043184,5.14333770028145
EPA_USDA_conserv,7.38646342834845,0.861934527985076
last_author_english,4.25025660660061,0.424888477600426
yiabs,2.92715334040547,2.57069472552537
habitat_type,0.748635789383157,0.660231339975611
fund_NSF,0.187896335707003,0.383864194849256
journal_category,-0.377802632840831,1.10405868913726
FWS_NOAA,-1.02399886595379,0.707072318542253
citationsyr,-1.14182103323944,2.61256806517485
impactfactor,-1.22009012321205,2.41653910176812
trophic_invader,-1.60258894750979,1.60570116978687
study_type,-1.93355169511792,0.526610551803254
sentiment,-5.68816228867405,2.47426786503517
X.IncMSE,IncNodePurity
pubyear,25.9497390293976,4.98740147090861
EPA_USDA_conserv,5.5550642146564,0.755800084319668
yiabs,2.87598123064132,2.54496668635265
last_author_english,1.89300572991074,0.44788220240666
fund_NSF,0.106082268781699,0.381179678569792
citationsyr,-0.164079029887185,2.45924603368051
habitat_type,-0.669094952632935,0.709711444759669
study_type,-1.29642028559396,0.512213588882693
impactfactor,-1.53137451828959,2.70475767297495
trophic_invader,-1.84096767307737,1.58771619648837
journal_category,-2.55853020370203,1.04352673854978
FWS_NOAA,-3.05972523236336,0.872824474395937
sentiment,-6.60948771508694,2.47538966432692
X.IncMSE,IncNodePurity
pubyear,27.308086928783,5.25156424355041
EPA_USDA_conserv,7.27982280026754,0.807344546553479
last_author_english,5.04609877537713,0.405624048678318
impactfactor,1.38667470583383,2.52893039832393
yiabs,1.1134049108029,2.43366464241786
trophic_invader,0.126202379629998,1.57483350691265
habitat_type,-0.176393185350334,0.69582265761794
FWS_NOAA,-0.401781073795099,0.824040626413997
citationsyr,-1.21645376419407,2.45990206412265
fund_NSF,-1.3004614820553,0.413243711514979
study_type,-1.66229793744069,0.550307405281527
journal_category,-3.25378533916806,1.03694872598339
sentiment,-8.32077646633631,2.4746451113602
X.IncMSE,IncNodePurity
pubyear,25.988937978888,5.17389940718195
EPA_USDA_conserv,5.54897190720105,0.770752212485438
last_author_english,4.90554353796249,0.476415073013979
yiabs,2.05072818574138,2.45165397871476
trophic_invader,0.401715305823807,1.5096430426309
fund_NSF,0.10303953903373,0.412252040701177
habitat_type,0.0861608525979908,0.699844827682681
impactfactor,-0.618989419872281,2.58839320112117
study_type,-1.53487216098065,0.513590157187376
journal_category,-2.39912672666487,1.04544235471243
citationsyr,-2.5212703251823,2.42507742578485
FWS_NOAA,-3.0200940061918,0.815976960776206
sentiment,-5.03944971798089,2.38443148440362
X.IncMSE,IncNodePurity
pubyear,23.8448485989234,5.08487085577678
EPA_USDA_conserv,6.54495637968446,0.810245529914346
last_author_english,3.6645462055076,0.387198598226936
impactfactor,2.16520582646104,2.46144973693844
yiabs,1.2325137338813,2.47307347124456
fund_NSF,-0.364382909986122,0.408131502911439
habitat_type,-0.513360191080201,0.695156798027973
citationsyr,-0.596365258417089,2.63506350887571
journal_category,-1.13192464163646,0.993138811246875
trophic_invader,-1.85275865928603,1.54674857612751
study_type,-2.47510977482705,0.531152599096402
FWS_NOAA,-2.68982406007156,0.864325809419661
sentiment,-7.95055593598298,2.55433213847013
X.IncMSE,IncNodePurity
pubyear,25.8121737263167,5.1483117138954
EPA_USDA_conserv,7.84498907693008,0.821257833778853
last_author_english,4.37040030494512,0.464922565753627
impactfactor,1.49951150141371,2.53381932524296
yiabs,1.34849710587079,2.49728701003208
fund_NSF,0.508578616443206,0.433119550757038
trophic_invader,0.043495196261283,1.59921809209793
study_type,-0.22600525783456,0.46277626192361
citationsyr,-0.294043506440909,2.36986845883852
habitat_type,-1.31188141796572,0.660994081700917
FWS_NOAA,-1.4829887918072,0.863133791868412
journal_category,-2.08245681173847,1.07814700583901
sentiment,-6.72416775197625,2.61407281810824
X.IncMSE,IncNodePurity
pubyear,26.3831314538511,4.98032709632043
EPA_USDA_conserv,5.96633722313772,0.777957657661726
last_author_english,3.42792946357378,0.437834486923932
yiabs,2.52155444507323,2.51487663325354
fund_NSF,0.84541292816353,0.40866410200191
impactfactor,-0.588918531487522,2.51674173775066
trophic_invader,-0.892764317613135,1.64216815537986
FWS_NOAA,-0.920968555859891,0.87628434408793
habitat_type,-1.02673186466891,0.667274832906096
study_type,-1.58294389087829,0.474532795900664
citationsyr,-2.9621152333061,2.63159302235595
journal_category,-3.9842329345434,1.0122573904504
sentiment,-6.83518617353395,2.51712485901488
X.IncMSE,IncNodePurity
pubyear,26.5905117203795,4.96691969491025
EPA_USDA_conserv,5.49846921845594,0.827363659097432
last_author_english,2.91569323870277,0.475993336503755
yiabs,1.98153752888063,2.62290555915917
habitat_type,1.40545668463635,0.682593632527269
impactfactor,0.860119123469585,2.35644764461927
fund_NSF,-0.791050515685629,0.425627867101848
citationsyr,-1.15382380169579,2.53158687110012
trophic_invader,-1.17645854217563,1.63066443252768
study_type,-1.41828576744644,0.500914665333029
FWS_NOAA,-2.61470301485795,0.7931044447893
journal_category,-3.56118187731317,1.02751208626767
sentiment,-6.74848988684398,2.62470666475468
X.IncMSE,IncNodePurity
pubyear,27.1204378138759,5.10793265267068
EPA_USDA_conserv,6.3407315405562,0.867658519668265
last_author_english,4.19807873531982,0.417076701315548
yiabs,2.522832305605,2.70377260116971
fund_NSF,0.160423013999734,0.378986851659775
impactfactor,-0.270400784231645,2.48662011458651
trophic_invader,-0.652145380797963,1.54965241878456
citationsyr,-1.19143438277099,2.58014677297124
habitat_type,-1.76908855289579,0.698662777289512
FWS_NOAA,-2.23098267079038,0.766441602334655
study_type,-3.08975643899984,0.524201445114279
journal_category,-3.41865502765614,1.07228680438729
sentiment,-5.62302716339746,2.4627946654923
X.IncMSE,IncNodePurity
pubyear,26.5235335666617,5.10956250320398
EPA_USDA_conserv,7.2552252016512,0.848098425452722
last_author_english,3.46658620971805,0.479298450521038
yiabs,2.28071651046912,2.68503650340306
habitat_type,1.51720374843241,0.655418992903023
fund_NSF,0.450644349888149,0.373791453703996
impactfactor,0.303820705357937,2.59220695600923
citationsyr,-0.54330657640608,2.50236929239925
journal_category,-0.855601560172746,1.07225294687632
study_type,-1.063225602298,0.46774498557104
trophic_invader,-1.46303783850381,1.5190385999686
FWS_NOAA,-1.82139831106502,0.801396300468859
sentiment,-5.46668612287358,2.47697016712156
X.IncMSE,IncNodePurity
pubyear,25.9628467228228,5.39254077523879
EPA_USDA_conserv,5.71161877746399,0.819753599298762
yiabs,4.3635538592126,2.416046496387
last_author_english,2.54705655053061,0.453364712486959
fund_NSF,0.942788329779538,0.367192202703867
impactfactor,0.472107879087611,2.52654990029482
habitat_type,-0.225129688151544,0.672908122551618
citationsyr,-0.525758707591181,2.45211940859828
trophic_invader,-0.633895918263416,1.47753233068917
FWS_NOAA,-0.675699530607271,0.882035412320966
study_type,-1.86300317050944,0.543435687625262
journal_category,-2.30424407779907,0.909096407753626
sentiment,-6.762781949511,2.54543473288936
X.IncMSE,IncNodePurity
pubyear,25.2438356861514,4.9804506144836
EPA_USDA_conserv,6.8419456352249,0.785108621419773
last_author_english,3.43488145131704,0.407311479861828
yiabs,1.97443254196325,2.52699488153169
citationsyr,0.675167158923225,2.52644244265989
habitat_type,-0.0878007792188731,0.702623224462316
impactfactor,-0.297052684368304,2.4915314906739
trophic_invader,-0.506443720656676,1.58846344201963
fund_NSF,-0.728574057584141,0.398679064304022
study_type,-2.26019424854545,0.547950492921683
FWS_NOAA,-2.66414586449112,0.792403199231259
journal_category,-2.81195723678182,1.02525877164235
sentiment,-8.11775541232909,2.50032123509547
X.IncMSE,IncNodePurity
pubyear,25.7743448031008,5.08848318565062
EPA_USDA_conserv,7.19097335347639,0.777928155500786
last_author_english,3.52683718731459,0.491296222583975
yiabs,2.79405990640062,2.47273858443
FWS_NOAA,0.479391813655747,0.883002330026179
impactfactor,0.326621779569772,2.45404937173134
fund_NSF,0.170329096854275,0.419900055044136
habitat_type,-0.806382030380407,0.6900747601804
citationsyr,-1.00892927692013,2.47983935914621
study_type,-1.27395433904903,0.496658892351856
trophic_invader,-1.58972055108341,1.66013170469729
journal_category,-2.0209743900405,1.01844105471073
sentiment,-7.07789501786594,2.53840568609828
X.IncMSE,IncNodePurity
pubyear,26.6382319051505,5.01491729711346
EPA_USDA_conserv,7.43954687929536,0.835860769365459
last_author_english,3.28133107565294,0.421020444810582
citationsyr,1.14151633155837,2.5352214023788
fund_NSF,1.13584666864591,0.381998126569217
yiabs,1.12574006121743,2.51015203662132
trophic_invader,0.403824717995108,1.53640171733176
habitat_type,0.255968378684133,0.669689052995221
study_type,-0.153206807230975,0.527073253493399
impactfactor,-0.265000358050381,2.57835009672323
FWS_NOAA,-1.15176431417051,0.814118610143031
journal_category,-2.38257623504771,1.06138242280754
sentiment,-7.05392729596861,2.53312617559735
X.IncMSE,IncNodePurity
pubyear,26.696296901081,5.06723224889356
EPA_USDA_conserv,6.42459941148966,0.826895207271542
yiabs,2.78498933005554,2.56062829985925
last_author_english,2.57137818875719,0.426358989976192
citationsyr,0.438391877890649,2.67580925127646
fund_NSF,0.200405550503902,0.396212715378855
impactfactor,0.0504797401873765,2.48650797192259
habitat_type,-0.21900544470473,0.712760686456127
FWS_NOAA,-0.533904738805418,0.771017785953971
study_type,-1.09726472156642,0.491722671859215
journal_category,-1.36497900263758,0.989970449392352
trophic_invader,-1.45386498383142,1.5344954950698
sentiment,-8.60375387174796,2.58895650662548
X.IncMSE,IncNodePurity
pubyear,27.0092577017163,5.0798425243251
EPA_USDA_conserv,6.51801066424051,0.884637144925206
last_author_english,4.50131200533142,0.443468739623924
yiabs,2.43148722916085,2.6313164966566
citationsyr,-0.289087378254639,2.50037519644678
study_type,-0.36671918285022,0.543299831443319
fund_NSF,-0.576859861125348,0.389288169936261
impactfactor,-0.729113093508595,2.46684961730376
habitat_type,-1.07620516035723,0.655626246601142
journal_category,-1.25378101504771,0.991557731266474
trophic_invader,-1.46148777120105,1.6454542640535
FWS_NOAA,-1.74477617910547,0.836641596368899
sentiment,-6.16472173205065,2.53380679320722
X.IncMSE,IncNodePurity
pubyear,27.3442592447503,5.05769861326408
EPA_USDA_conserv,7.84800702003505,0.865731611266845
last_author_english,4.45232332644974,0.432905902974535
yiabs,4.16560159015616,2.4826739251908
habitat_type,0.80238462771003,0.700075288323811
citationsyr,0.31232679030051,2.52513285165363
impactfactor,0.100385737737713,2.63796271551051
trophic_invader,-0.362120591289523,1.5827628225887
study_type,-0.555292236560085,0.513086613316611
fund_NSF,-1.07462995952638,0.425658462257601
FWS_NOAA,-1.19896223404103,0.790731339696426
journal_category,-4.63602367098922,0.990472188587622
sentiment,-5.43890856348508,2.50478632009238
X.IncMSE,IncNodePurity
pubyear,26.0459764075326,5.20091811229045
EPA_USDA_conserv,6.47742258497194,0.83852112590168
last_author_english,4.87193648384411,0.474525215874011
yiabs,2.42521207875457,2.50981512473268
habitat_type,0.989662839128689,0.656995471217137
impactfactor,0.395434205406001,2.43729697521402
fund_NSF,0.389474720990829,0.423191850259351
citationsyr,0.030132885312222,2.63774846216822
FWS_NOAA,-0.537898241289065,0.846400473652065
trophic_invader,-1.39668432629428,1.63565002749905
study_type,-2.04698069277094,0.493473294988861
journal_category,-3.12404424201244,1.03625381545455
sentiment,-6.47301894925388,2.49820177430027
X.IncMSE,IncNodePurity
pubyear,26.1075311175688,5.0248358914849
EPA_USDA_conserv,7.07012856653877,0.78024411290529
last_author_english,2.59206540332832,0.41133106679518
yiabs,2.17564563283479,2.44262490307761
habitat_type,1.63471508810941,0.672724059747074
citationsyr,1.08774158669908,2.64081648670767
impactfactor,0.757443260424341,2.4395592148625
fund_NSF,-0.670418379168503,0.383640586083663
trophic_invader,-1.07487958688486,1.55898712949544
study_type,-1.81721814967392,0.48546438148288
journal_category,-1.92131742472372,0.962644105230293
FWS_NOAA,-3.09243674993117,0.82999825099167
sentiment,-7.28051559040938,2.5954147737212
X.IncMSE,IncNodePurity
pubyear,24.6741468077846,4.97725757246207
EPA_USDA_conserv,5.39692181266249,0.744634074873316
last_author_english,1.73209379016475,0.524356214561297
yiabs,1.02158026071595,2.63176563200016
citationsyr,-0.210860216001988,2.53411510834001
impactfactor,-0.696131300625666,2.49555890226109
trophic_invader,-0.782100923503748,1.61832657978105
fund_NSF,-0.95009264086673,0.417563109954238
study_type,-1.50413466975836,0.493691681836142
FWS_NOAA,-1.93953610362797,0.856149188539484
journal_category,-2.08553153417511,1.07158455053869
habitat_type,-2.84055546129149,0.691786311430413
sentiment,-7.07858121143634,2.51466456074161
X.IncMSE,IncNodePurity
pubyear,25.4055067987818,4.94719515164305
EPA_USDA_conserv,6.85817158900339,0.81888124527469
last_author_english,3.22080613139745,0.417802498551199
yiabs,1.1105581805927,2.4216785252778
fund_NSF,0.321564656423676,0.387679673558776
impactfactor,-0.18435782462283,2.58877195402441
habitat_type,-0.383526955227514,0.636430884190604
FWS_NOAA,-0.603211236865851,0.963912513346931
study_type,-1.36715933744981,0.495015645706034
trophic_invader,-1.39422956183371,1.61306717402992
citationsyr,-2.8479803862915,2.54785696833473
journal_category,-3.1011086721215,0.970145171041603
sentiment,-7.17323562873175,2.55457897841627
X.IncMSE,IncNodePurity
pubyear,26.70091073528,5.16094169262254
EPA_USDA_conserv,7.9548109639465,0.788688360259185
yiabs,3.92896282418061,2.44135108811415
last_author_english,2.39013547331509,0.435863496322772
fund_NSF,1.57515739272128,0.404491403559671
impactfactor,0.902005195530522,2.64998477115226
citationsyr,-0.752538847776821,2.58792324849303
trophic_invader,-0.759303540744997,1.54645172898532
habitat_type,-1.48740533316868,0.667881421185588
journal_category,-1.50461846206642,1.11307827109647
study_type,-1.73279100053317,0.563428057470861
FWS_NOAA,-2.06230929923113,0.743364010114689
sentiment,-7.42152757333943,2.52482184059444
X.IncMSE,IncNodePurity
pubyear,27.2266582056023,5.10924901864685
EPA_USDA_conserv,6.24784670705577,0.779330521782358
last_author_english,3.75351838591678,0.446988451307705
yiabs,3.19643772642397,2.47544741789894
habitat_type,1.557278139691,0.698582413143383
fund_NSF,0.836184428598802,0.416489985557646
citationsyr,0.347665463645866,2.57099803977883
study_type,0.289096384764464,0.472706933537038
impactfactor,0.263230326064058,2.47970605114271
journal_category,-1.32780275221251,0.982651612142704
trophic_invader,-1.75218127127718,1.53226688404692
FWS_NOAA,-2.27850922742203,0.805239260550492
sentiment,-6.11607080005408,2.45557921242382
X.IncMSE,IncNodePurity
pubyear,25.6748548248918,5.07516879042002
EPA_USDA_conserv,7.03149389681519,0.833639254813402
yiabs,4.12958868570396,2.56821945554459
last_author_english,2.32121129808296,0.418208844330639
fund_NSF,1.00036820259702,0.381634728212923
impactfactor,0.37955898364272,2.51674426295059
habitat_type,0.162696030308339,0.734047496716143
citationsyr,-0.762813794908732,2.53994629415507
FWS_NOAA,-0.777440691959118,0.773766751290041
study_type,-1.34120593100951,0.541714863235122
trophic_invader,-2.08880209924301,1.49564830411606
journal_category,-3.09062906016947,1.11114898249865
sentiment,-6.57523096166711,2.53278445174549
X.IncMSE,IncNodePurity
pubyear,26.9257637499942,5.29363307252371
EPA_USDA_conserv,5.8706391530502,0.739927595480906
last_author_english,3.8348339909555,0.427262178140811
yiabs,1.29098160957053,2.44423910585247
fund_NSF,-0.293003210128069,0.361504378199933
FWS_NOAA,-0.469068067601973,0.833158250994815
impactfactor,-0.536978952865078,2.55712760166737
trophic_invader,-1.71026694667983,1.56360825045964
study_type,-2.38351396396789,0.518299453848163
citationsyr,-2.39416397042806,2.43304415490003
journal_category,-2.95392511751705,0.979971052032025
habitat_type,-3.90058405027898,0.676532667404729
sentiment,-8.64809624228357,2.62689568425869
X.IncMSE,IncNodePurity
pubyear,27.7465552119515,5.29435838265923
EPA_USDA_conserv,4.88973710227744,0.799112151584932
last_author_english,4.37628211628998,0.464190977265987
yiabs,2.06165806964915,2.43847559380722
fund_NSF,1.98568941519161,0.394630439588613
habitat_type,1.11558812026502,0.644258167714024
trophic_invader,0.714042978809439,1.53205905814707
study_type,-0.139734956492517,0.455703195841984
citationsyr,-1.09189909569725,2.52383975961333
impactfactor,-1.25237859216708,2.5756583970899
FWS_NOAA,-2.26008574509685,0.831222087482307
journal_category,-2.66393432233882,1.03016466176645
sentiment,-6.51182010659053,2.47713196145631
X.IncMSE,IncNodePurity
pubyear,27.8921388895182,5.04875482149214
EPA_USDA_conserv,7.04056451305341,0.77398424932007
yiabs,3.07880490267026,2.57842913749117
last_author_english,2.68115462133738,0.447248444445804
citationsyr,0.386621629530167,2.39005203248639
impactfactor,-0.115094259331967,2.60272306026532
fund_NSF,-0.176039588130752,0.39002452383507
trophic_invader,-1.12594142620018,1.58132665017932
journal_category,-1.14715603907961,1.05090474540649
FWS_NOAA,-1.38959998839807,0.841586781556799
study_type,-1.7540934046921,0.476642691668243
habitat_type,-1.96894105592935,0.708381751933853
sentiment,-7.11656845784589,2.46986683429752
X.IncMSE,IncNodePurity
pubyear,27.6935287707095,5.16744549175125
EPA_USDA_conserv,6.3500778406516,0.950632943491707
last_author_english,3.62399771178488,0.411810731611676
yiabs,1.93416616199854,2.46856749875837
impactfactor,1.14322184116604,2.545095032088
habitat_type,-0.515360684379322,0.703591578698319
citationsyr,-0.675641557504829,2.3702141642131
fund_NSF,-1.00316525829728,0.435346140525992
journal_category,-1.83575112241663,1.03105103451527
FWS_NOAA,-1.9855963889236,0.775391703875964
study_type,-2.03943182211188,0.489112214833115
trophic_invader,-2.62867762095386,1.62576093099754
sentiment,-6.77095919452879,2.54467662392826
X.IncMSE,IncNodePurity
pubyear,26.149272353477,5.06874921611946
EPA_USDA_conserv,5.78119309312304,0.869727747336474
last_author_english,3.76879578113363,0.405196751388824
yiabs,3.0667797850881,2.5147122106909
citationsyr,1.52902650833843,2.55059308963379
impactfactor,1.07568026766962,2.58216237890265
habitat_type,0.325082023707121,0.687814370868529
trophic_invader,-0.129395630417614,1.62745427415806
fund_NSF,-0.151564206338146,0.414110731749546
journal_category,-0.964553974971801,1.05927352190539
FWS_NOAA,-1.39918367664763,0.845189090105683
study_type,-1.55212147157634,0.51956918267032
sentiment,-6.37541387868071,2.49140606823632
X.IncMSE,IncNodePurity
pubyear,26.8500700511541,5.05067107101489
EPA_USDA_conserv,6.20899479418541,0.765344839545259
last_author_english,4.40119148687602,0.473755759701517
yiabs,3.32427954451892,2.41585007947295
impactfactor,1.38673655815111,2.38483197414708
trophic_invader,0.514431883936891,1.53079908725355
fund_NSF,0.355157592770023,0.406499561637062
habitat_type,-0.0637544396893529,0.629082803155766
FWS_NOAA,-1.06329244052674,0.868050635373407
citationsyr,-1.75886684189427,2.55446149559227
study_type,-2.28843736991872,0.528866010879535
journal_category,-3.12572294170884,1.06956540727939
sentiment,-7.08237635678357,2.59254686078778
X.IncMSE,IncNodePurity
pubyear,25.6124207385658,5.18939951550391
EPA_USDA_conserv,6.48174899130539,0.855757872627912
last_author_english,3.17770043843412,0.485694169942565
yiabs,2.75082519430625,2.53145275120147
impactfactor,1.1976777800379,2.52713235272437
fund_NSF,0.981643943954142,0.377483677430652
habitat_type,0.850630712682959,0.695360588320866
trophic_invader,-0.546785710198939,1.63742703961052
citationsyr,-1.57991634398685,2.53433526524619
FWS_NOAA,-1.65363659113445,0.873463494279881
study_type,-2.19369086957923,0.497032396492574
journal_category,-2.3142899416204,0.991921517098642
sentiment,-6.03902072640367,2.43557947363541
X.IncMSE,IncNodePurity
pubyear,26.1473135951497,5.05057666275958
EPA_USDA_conserv,7.01441189844545,0.795214147671925
last_author_english,2.87722552191119,0.419152659705845
yiabs,1.8862786889499,2.46552935180296
study_type,0.0962830374332935,0.49967462570898
habitat_type,0.0264377392780491,0.680930764484561
impactfactor,-0.623087682063815,2.65141840274398
trophic_invader,-0.75730423342682,1.66959167746696
journal_category,-0.98132690028538,1.07743377976225
citationsyr,-1.85480085665848,2.50868693245676
FWS_NOAA,-2.01868546985898,0.836050093703819
fund_NSF,-2.91294360738499,0.351052746469951
sentiment,-5.90137109191298,2.54876376235702
X.IncMSE,IncNodePurity
pubyear,26.6170243118986,5.05915044557928
EPA_USDA_conserv,8.08512152305807,0.767396848041158
last_author_english,2.14573898654477,0.424623207331235
impactfactor,1.86026837661525,2.58530248384534
yiabs,1.51025710114372,2.51901093825497
fund_NSF,0.842833775066665,0.403461312474606
habitat_type,0.773686578891372,0.721171564498456
FWS_NOAA,0.281019236356694,0.756523296423394
citationsyr,-0.116324687385346,2.53006125681722
study_type,-0.568413232806913,0.519987674170131
trophic_invader,-1.1434209873826,1.6469751580365
journal_category,-3.07505107378981,1.03773632037322
sentiment,-7.260853242758,2.56829786663433
X.IncMSE,IncNodePurity
pubyear,26.3318872517018,5.21553449742838
EPA_USDA_conserv,5.67124627282643,0.768977676283484
last_author_english,3.67159902941027,0.440993320973042
yiabs,2.48893331005484,2.47480053672226
habitat_type,0.883288935488507,0.666239193783515
fund_NSF,0.0580700646491126,0.409648958730282
impactfactor,-0.370354401347188,2.62308061744655
citationsyr,-0.939213982573956,2.57604361403347
trophic_invader,-2.08496443420228,1.53836851305941
journal_category,-2.53609564172383,0.96715362528288
FWS_NOAA,-2.70017801996903,0.833811988623368
study_type,-3.48489021317962,0.516139891175575
sentiment,-7.19678148551278,2.53111097969072
X.IncMSE,IncNodePurity
pubyear,27.4321739032569,5.31172009888533
EPA_USDA_conserv,9.02159693539131,0.869312524299663
yiabs,4.83777987291239,2.45449507740998
last_author_english,1.79520694220748,0.465090999579941
trophic_invader,0.791694779230871,1.52946618350021
citationsyr,0.535195234023464,2.47940656810233
impactfactor,0.0235824557287355,2.63260686167403
fund_NSF,-0.0927894889472547,0.387705675323886
habitat_type,-0.391276985962008,0.683750990481731
FWS_NOAA,-0.801584225454662,0.815925744831252
study_type,-0.906534583571468,0.471523633641749
journal_category,-1.17512559825642,1.02463347508273
sentiment,-7.33659705106411,2.59217601393264
X.IncMSE,IncNodePurity
pubyear,25.1820332359076,4.84661908854532
EPA_USDA_conserv,7.58618659768441,0.864178667248901
last_author_english,3.43785773367265,0.446629053124104
yiabs,1.58240286481851,2.51985280185083
impactfactor,0.684307261707946,2.38582954486481
fund_NSF,-0.198864820328843,0.384259888329487
citationsyr,-0.501712534165984,2.54046239633973
study_type,-0.672013869575705,0.526098744077091
habitat_type,-0.743465382047176,0.737787200267211
FWS_NOAA,-1.82172340837148,0.911355019718485
trophic_invader,-1.98998522232634,1.5722266230404
journal_category,-2.28945018296654,1.06819526226816
sentiment,-7.04139671782231,2.6463142526877
X.IncMSE,IncNodePurity
pubyear,25.6375289799795,5.18375918333188
EPA_USDA_conserv,5.75058829149491,0.811235210866568
last_author_english,2.7587192229548,0.522987583395892
yiabs,2.46059367250248,2.34979487995804
impactfactor,0.188671653396207,2.58938710012131
habitat_type,-0.60275671505077,0.740234427213386
trophic_invader,-0.82359778240036,1.43157906808184
study_type,-0.948120307694324,0.561641330788749
fund_NSF,-1.331345107558,0.404923506406128
citationsyr,-1.56812809850883,2.54081842361076
FWS_NOAA,-2.11339487609537,0.82988182274971
journal_category,-2.86550509159045,0.994426117939678
sentiment,-6.60142965652136,2.51783973031567
X.IncMSE,IncNodePurity
pubyear,25.7174190239198,4.91769423136627
EPA_USDA_conserv,8.85804084127554,0.812962394165449
last_author_english,4.16433159245883,0.476129349100968
yiabs,3.31067800868584,2.44106327180146
impactfactor,1.13704701435082,2.43543662947632
trophic_invader,0.67391869059637,1.65893689734722
journal_category,-0.0252339903905917,0.965777827087582
citationsyr,-0.162829138645101,2.55086049580245
study_type,-0.837362292810619,0.535901031994754
fund_NSF,-0.874009695970267,0.390324419574693
FWS_NOAA,-0.966004185971144,0.87015426006777
habitat_type,-1.73107747026983,0.727575165787272
sentiment,-5.39263667301458,2.58271244484285
X.IncMSE,IncNodePurity
pubyear,27.2028970099023,5.12415110557252
EPA_USDA_conserv,7.78855405077566,0.759418513334252
last_author_english,3.73410660199261,0.464276441388056
yiabs,1.14598915700097,2.47576861695484
impactfactor,1.1281080633571,2.60619720395586
fund_NSF,0.724819929668042,0.418405866656027
citationsyr,-0.238816230867955,2.50709673300056
habitat_type,-0.46827201926361,0.710745730525353
trophic_invader,-0.681409452662978,1.54509785099851
FWS_NOAA,-1.50857178878641,0.826032526387846
study_type,-3.30300400904326,0.570889199532149
journal_category,-3.36689088738841,0.974833250803735
sentiment,-6.12420165020143,2.60745793301527
X.IncMSE,IncNodePurity
pubyear,27.4650794820935,5.09498172888311
EPA_USDA_conserv,6.2654213765945,0.829833834910809
yiabs,4.16424868627321,2.55293178929441
last_author_english,3.8876451777891,0.408054654478756
fund_NSF,2.49963844056128,0.403648533240057
impactfactor,1.40841813010178,2.58915867486458
citationsyr,1.02039726776878,2.5692680629165
habitat_type,0.666506929441878,0.728122290852312
FWS_NOAA,-0.071707615329899,0.761589428857208
trophic_invader,-0.50283977680585,1.6328266744515
journal_category,-1.95492323790475,0.994791595559506
study_type,-2.24680162246237,0.526099026672387
sentiment,-5.72226540593015,2.4344433587452
X.IncMSE,IncNodePurity
pubyear,26.8555595005405,5.07824250110078
EPA_USDA_conserv,6.35501336354076,0.838500138097211
last_author_english,2.91239459716224,0.44100035992824
yiabs,1.47179660460552,2.56842795720915
fund_NSF,0.619732805416343,0.42568859224823
trophic_invader,0.368971727806314,1.52894378916305
study_type,-0.388485016023066,0.530557843217614
citationsyr,-1.01020549302372,2.50089542015857
impactfactor,-1.48640609876074,2.55152179436973
habitat_type,-1.76707323614123,0.665025511725452
journal_category,-2.00578532613403,1.01509181349912
FWS_NOAA,-2.19666955172975,0.80387712592791
sentiment,-7.6763114291046,2.56542927008387
X.IncMSE,IncNodePurity
pubyear,26.0555875183522,4.93524567053382
EPA_USDA_conserv,4.55774342815761,0.843404191925308
last_author_english,3.63310897611343,0.391373680391183
yiabs,2.34097140952577,2.45068754290215
fund_NSF,1.18306890332711,0.451015125308679
habitat_type,-0.262793095408263,0.677513394615727
trophic_invader,-0.26792871595243,1.57247429767577
study_type,-0.621173890721695,0.516745799044344
journal_category,-1.75521196177456,1.04653377816497
impactfactor,-2.02994565000485,2.56182723968061
FWS_NOAA,-2.18870387336681,0.810666301557832
citationsyr,-2.85209275846821,2.62350064703143
sentiment,-5.91725234312091,2.49705126058513
X.IncMSE,IncNodePurity
pubyear,26.0262694547069,5.17057309608686
EPA_USDA_conserv,6.80001986783748,0.859360517214658
yiabs,2.95840616792935,2.56248874055245
last_author_english,2.0732883009174,0.42022117395946
citationsyr,0.873633096046251,2.41729460012203
habitat_type,0.476666025800306,0.681998783873816
fund_NSF,0.324553222971073,0.409625184096122
impactfactor,-0.399746222781977,2.42786856684177
study_type,-0.699906191688221,0.562472262328497
FWS_NOAA,-1.3326009717669,0.820454195655712
trophic_invader,-1.69601789944273,1.55887879856375
journal_category,-3.54745491371774,1.08492165372736
sentiment,-6.7580729430374,2.56494300302061
X.IncMSE,IncNodePurity
pubyear,26.1366990820276,5.08641835395312
EPA_USDA_conserv,7.06832871915532,0.793878337782432
yiabs,2.77670355767197,2.43181891855408
last_author_english,1.31162189711568,0.466048172910914
fund_NSF,-0.121098699576465,0.405855041149034
habitat_type,-0.601128529858487,0.686770142704428
FWS_NOAA,-1.11051489582651,0.863841649004884
impactfactor,-1.28634529080647,2.40336695391263
citationsyr,-1.67034231089286,2.61564796726853
study_type,-1.78578752364118,0.465979944063218
trophic_invader,-2.27698989325683,1.6538311121399
journal_category,-3.43394415235382,1.0453724934868
sentiment,-6.65818067129819,2.48474182093194
X.IncMSE,IncNodePurity
pubyear,25.6234012287171,4.87312698443227
EPA_USDA_conserv,6.97771900503112,0.83646396897998
last_author_english,2.33800106408375,0.421009727847542
yiabs,1.65709985035933,2.39780149376562
habitat_type,1.45843541016236,0.739616018236638
citationsyr,0.294345979863825,2.70929390611685
impactfactor,-0.650496721840806,2.51959765711852
fund_NSF,-0.8449965815789,0.39517051954576
study_type,-1.55632326574743,0.553253977625087
trophic_invader,-1.56600667484472,1.64946851781252
FWS_NOAA,-2.00450122707515,0.855129390618685
journal_category,-2.35164306289629,0.965145939079227
sentiment,-6.91263155666959,2.57189834867926
X.IncMSE,IncNodePurity
pubyear,25.6712936067507,4.94376708906408
EPA_USDA_conserv,5.35991467326822,0.833529735382107
yiabs,3.43639414991222,2.49501934184692
last_author_english,2.94166525072786,0.420982393001489
fund_NSF,1.19885675004449,0.363498416784232
habitat_type,-0.0515643412458398,0.690987146940551
impactfactor,-0.140377332293825,2.63909927074371
citationsyr,-1.24616418400699,2.73463913018379
study_type,-1.62731119793008,0.529605909102122
trophic_invader,-1.69294638644003,1.5640217226804
journal_category,-1.74658974562808,1.05985022440585
FWS_NOAA,-2.4856546560055,0.817641303913297
sentiment,-6.50846468224429,2.54741557047199
X.IncMSE,IncNodePurity
pubyear,26.3968575794681,5.06323338522183
EPA_USDA_conserv,5.82328858436551,0.836988580580862
last_author_english,2.21975809972395,0.44336889898722
yiabs,2.20249184226112,2.45620842917137
fund_NSF,1.43767120171081,0.383954847580426
citationsyr,-0.0730373115689757,2.6592898512934
habitat_type,-0.475130580646143,0.679338031637398
impactfactor,-0.955158872225572,2.41371437435593
journal_category,-1.46048783365776,1.07168133183538
trophic_invader,-2.04555039435423,1.52620418778681
study_type,-2.81000840706211,0.438653668762994
FWS_NOAA,-4.17388029829575,0.862298874133059
sentiment,-7.09076179594416,2.56130312162601
X.IncMSE,IncNodePurity
pubyear,24.7416996888245,5.12907601663126
EPA_USDA_conserv,5.75700652173375,0.798462267144694
last_author_english,3.39013033310883,0.41317309494029
yiabs,0.65310595221108,2.6107158641048
citationsyr,0.37853183041319,2.48219258407434
study_type,0.267223179732301,0.52432786619331
impactfactor,0.0859029902590284,2.58631142708003
habitat_type,0.0119490167390054,0.731479234596478
fund_NSF,-0.713496058541097,0.407737831445608
trophic_invader,-1.67337594242846,1.55297440049351
FWS_NOAA,-2.14558490678366,0.793130717630135
journal_category,-3.01591635841571,1.00155192135238
sentiment,-5.80001451148093,2.54579075747699
X.IncMSE,IncNodePurity
pubyear,25.8703397022369,5.1520806855221
EPA_USDA_conserv,7.79220363532014,0.795482155888889
yiabs,4.07551859147294,2.62553005446421
impactfactor,2.06463020231499,2.54860099358595
last_author_english,2.05334761454035,0.359959160818607
fund_NSF,0.0376255926967711,0.443533567871169
trophic_invader,-0.00308370673558557,1.57081342918814
study_type,-0.0600042782789035,0.545145603874171
FWS_NOAA,-0.720665729007941,0.775900783031616
citationsyr,-0.984579654582377,2.60592518297618
habitat_type,-0.996672167140004,0.710198438518221
journal_category,-3.07297883884841,0.952697013062718
sentiment,-6.8062857001813,2.44479556104958
X.IncMSE,IncNodePurity
pubyear,27.7544729482794,5.22331402857901
EPA_USDA_conserv,4.3159418804138,0.804168322620542
last_author_english,3.55135811677294,0.432414836287702
yiabs,3.0131370423762,2.37119994316826
trophic_invader,1.34254443133076,1.50208590316554
fund_NSF,1.29297097991405,0.435371459865313
impactfactor,0.404500938343424,2.55256733532009
habitat_type,0.0364623786780662,0.642239309016787
citationsyr,-0.134774582215288,2.45528181179586
study_type,-0.989367438647681,0.549894255184261
FWS_NOAA,-1.64908758983316,0.838323642041246
journal_category,-2.58026560633621,1.01241941895666
sentiment,-6.5897754853893,2.51072336224708
X.IncMSE,IncNodePurity
pubyear,25.2245612949963,5.23306205908691
EPA_USDA_conserv,6.85217160902307,0.781433090986624
last_author_english,3.74198395188509,0.433108507267277
yiabs,2.91723723989962,2.48655697208108
impactfactor,0.757856551234764,2.49957373808539
habitat_type,0.707673404981663,0.687028922799715
fund_NSF,0.376576515624743,0.366812656661462
trophic_invader,0.0211553308216899,1.58210095329335
citationsyr,-0.141932407906487,2.5217952938225
study_type,-1.18042311430742,0.485605505646641
FWS_NOAA,-1.5211982004045,0.790941221799488
journal_category,-2.05820943194054,1.02342268338825
sentiment,-7.64200169464806,2.68422612651529
X.IncMSE,IncNodePurity
pubyear,27.7153623334582,5.19832845169188
EPA_USDA_conserv,6.35627453846017,0.776480694036741
last_author_english,4.90599805925971,0.424919004518124
yiabs,3.87063072366693,2.40119155446339
citationsyr,-0.137836131951856,2.43945444337523
FWS_NOAA,-0.247958521780417,0.820099533275504
impactfactor,-0.60432240722553,2.5610691320369
trophic_invader,-0.999088438831074,1.601216645285
habitat_type,-1.09486106678725,0.596240036553157
study_type,-1.21918784833732,0.5126133690057
fund_NSF,-1.40159243466763,0.414435094060637
journal_category,-3.14280830340834,1.04455857654751
sentiment,-5.28453480462831,2.51372151650352
X.IncMSE,IncNodePurity
pubyear,28.7582783144662,5.16009461872924
EPA_USDA_conserv,6.8186412315934,0.850977787857768
yiabs,3.41848975898652,2.49663333331523
last_author_english,2.82381387457923,0.41891290877301
trophic_invader,0.734562294454474,1.62478197586453
habitat_type,0.365733794343327,0.654565177248755
fund_NSF,0.203984622092073,0.389045133471923
study_type,-0.282255727190378,0.538601878269723
impactfactor,-1.44362724891441,2.69158575917098
FWS_NOAA,-1.57737680366578,0.867148908974045
citationsyr,-1.82170555804292,2.48471128193832
journal_category,-1.85321159186218,1.03205288648713
sentiment,-4.81042326575281,2.46247877868374
X.IncMSE,IncNodePurity
pubyear,26.3573896406454,4.96875825896046
EPA_USDA_conserv,5.93478768685237,0.832715142519111
fund_NSF,3.34529557726859,0.395671609101754
last_author_english,2.46433711937261,0.421070118048054
yiabs,2.38322354608106,2.40711418126562
impactfactor,-0.896920766565779,2.64224101613041
trophic_invader,-1.18490281585728,1.5989693972755
FWS_NOAA,-1.33214848335989,0.889012693753193
habitat_type,-1.70077207364343,0.700378849355206
citationsyr,-1.73023269826409,2.46257828733892
study_type,-2.20706279003789,0.530325968357488
journal_category,-2.53986549383182,1.02984134390141
sentiment,-5.79901867737935,2.54175136226906
X.IncMSE,IncNodePurity
pubyear,27.1381920606513,5.20409651350675
EPA_USDA_conserv,5.69488006235227,0.743013475518282
yiabs,3.84362138479803,2.45203313357659
last_author_english,3.00512382318677,0.463601853883614
impactfactor,1.45302020724383,2.48584509885797
fund_NSF,-0.76936743303942,0.441829923148655
habitat_type,-0.990472573752473,0.715046109851943
trophic_invader,-1.17094600234719,1.51615876170803
citationsyr,-1.729939955063,2.67045227158887
study_type,-1.85064836341846,0.515386865025765
FWS_NOAA,-2.08209841836136,0.811358103516937
journal_category,-2.99032469291516,1.00923369046519
sentiment,-6.61531272193421,2.50331404710778
X.IncMSE,IncNodePurity
pubyear,27.3376172306378,5.145933013994
EPA_USDA_conserv,5.67285605810005,0.824217188338822
yiabs,2.67761682076557,2.53047464222038
last_author_english,2.24481847365528,0.455509713363578
trophic_invader,0.333084239764678,1.53646060509801
citationsyr,0.210067485275039,2.47588341102903
FWS_NOAA,0.136766465434087,0.757252108331856
impactfactor,-0.172885088046295,2.58856686411085
fund_NSF,-0.373498834534091,0.388807235353036
habitat_type,-0.678350862211177,0.671848038797751
study_type,-1.46095902116761,0.504019799242988
journal_category,-3.36641294630315,1.07550679286652
sentiment,-7.21738066518642,2.49566385363769
X.IncMSE,IncNodePurity
pubyear,27.8895178838945,5.23065898162045
EPA_USDA_conserv,5.9149799823967,0.884338970563005
last_author_english,2.15692031208115,0.465115516732518
yiabs,2.01545401138453,2.52724737961743
habitat_type,1.4459020625847,0.695023004517578
fund_NSF,0.516710212601109,0.357731619279214
impactfactor,0.218495719104978,2.45504852751019
FWS_NOAA,-0.316131782964728,0.81118223786462
trophic_invader,-0.471909035150021,1.58783677569632
citationsyr,-0.770605525849998,2.56196209600405
study_type,-2.07598680650304,0.494016423787424
journal_category,-2.56554291148627,1.07979843774883
sentiment,-7.26272995335185,2.5023894401208
X.IncMSE,IncNodePurity
pubyear,26.2007988845893,5.14909608123168
EPA_USDA_conserv,5.39040510845765,0.801743753394413
yiabs,3.79392861599833,2.6112619585604
last_author_english,3.49656384433624,0.432831083679196
citationsyr,-0.0915918564891879,2.58233433136044
habitat_type,-0.194086211549634,0.709697917895952
FWS_NOAA,-0.435122204676119,0.841103950786391
impactfactor,-0.496942706011608,2.4767000908596
trophic_invader,-0.885194823603216,1.48684085334815
study_type,-1.63336298459608,0.556688593069266
fund_NSF,-1.88997403366821,0.427842720984249
journal_category,-5.01843153021624,1.04351793793629
sentiment,-6.85671488644118,2.35684036945053
X.IncMSE,IncNodePurity
pubyear,26.6223149367425,5.2608845264379
EPA_USDA_conserv,5.81471848430175,0.794340590476508
last_author_english,2.92938715422555,0.484034744907072
yiabs,2.79606662098449,2.46491266414143
impactfactor,0.925270450548815,2.62874696484288
fund_NSF,-0.0982692927620736,0.402658875205795
citationsyr,-0.958005619822805,2.37834896926789
study_type,-1.14525058793539,0.499042115108192
trophic_invader,-1.54838484683094,1.60055048771926
habitat_type,-1.64031201483232,0.689738016153418
journal_category,-1.72610931300449,1.01827462500726
FWS_NOAA,-3.12123282754643,0.810878207410212
sentiment,-7.929768652351,2.59992421786024
X.IncMSE,IncNodePurity
pubyear,25.3745244087817,4.98058406423954
EPA_USDA_conserv,6.06907967927071,0.807860268976097
last_author_english,3.98040770341499,0.449888326119328
yiabs,2.1658686903823,2.49135084262262
habitat_type,0.410256190139786,0.657243559641084
study_type,0.208982549142659,0.47842502317167
trophic_invader,-0.195875627550728,1.5703982653166
fund_NSF,-0.592363931657735,0.4018489860018
impactfactor,-0.71724853258132,2.58263523739429
citationsyr,-1.19582438760206,2.59816988783285
journal_category,-1.59161536420286,1.0781660717379
FWS_NOAA,-2.20837551985031,0.857080992556646
sentiment,-6.92672764616979,2.55660557209609
X.IncMSE,IncNodePurity
pubyear,27.6325889502513,5.1657923905309
EPA_USDA_conserv,6.07211621859181,0.796662033864088
last_author_english,4.34216152577801,0.440754353808292
yiabs,2.02508402625215,2.46848750584916
fund_NSF,1.24686951536995,0.408029698761905
impactfactor,-0.509082489734595,2.57555466451637
citationsyr,-0.83398953356146,2.62200743152029
study_type,-0.928014834418983,0.539283459247293
habitat_type,-1.03810603856483,0.683517941483325
FWS_NOAA,-1.17582836167203,0.779987164917968
trophic_invader,-1.31536596770532,1.59695417832809
journal_category,-4.56987047357775,0.988119005186884
sentiment,-5.76843725985749,2.45726776698854
X.IncMSE,IncNodePurity
pubyear,26.7948213667877,5.12975665100033
EPA_USDA_conserv,6.13064167489729,0.814700585608866
last_author_english,4.6771695712354,0.461928169828048
citationsyr,1.2736858677925,2.64989346253232
yiabs,0.767028531313478,2.50154787947018
fund_NSF,-0.0332176026927249,0.370602240232712
study_type,-0.426501464425648,0.483017233472864
trophic_invader,-0.734135486442411,1.52811539315743
habitat_type,-0.952121305224546,0.642787117460942
FWS_NOAA,-1.06048069376016,0.828537880712746
impactfactor,-2.17878105557497,2.60424726763386
journal_category,-2.79345724046137,1.04853183069218
sentiment,-7.06816556046637,2.46275565940693
X.IncMSE,IncNodePurity
pubyear,26.6826124553824,5.14999339894819
EPA_USDA_conserv,6.63131730764292,0.8061313767904
last_author_english,4.71906802009424,0.459783572306541
yiabs,3.12465719609225,2.54175101369858
study_type,-0.384107524038545,0.539796759154127
impactfactor,-0.425631981941147,2.64357447910683
habitat_type,-0.553621651150644,0.636362427309837
fund_NSF,-0.769708576404137,0.4180519470202
trophic_invader,-1.23472430424477,1.56881635562759
citationsyr,-1.4313547919322,2.61863176996784
FWS_NOAA,-1.87340356687319,0.864237455105486
journal_category,-1.91462607363118,1.00807638985675
sentiment,-5.9790490656175,2.39808872817174
